38.8717621,"-77.01202430000001
"
38.968654,"-77.0261486
"
38.922209,"-77.042896
"
38.920451,"-77.04022499999999
"
38.8990631,"-77.0544369
"
38.9172894,"-76.9788722
"
38.8725639,"-76.9671819
"
38.8175866,"-77.01309959999999
"
38.9278553,"-76.99638469999999
"
38.8848561,"-76.9437118
"
38.892546,"-76.939694
"
38.922787,"-76.993505
"
38.959736,"-77.08570899999999
"
38.9216129,"-77.03248379999999
"
38.9155915,"-77.0239794
"
38.914679,"-77.014432
"
38.877821,"-77.01935999999999
"
38.9229084,"-77.0370568
"
38.8859934,"-76.93589829999999
"
38.899088,"-76.989958
"
38.887616,"-76.951505
"
38.8357351,"-76.99439
"
38.926725,"-76.99638
"
38.900419,"-76.990021
"
38.9812372,"-77.02239659999999
"
38.90531319999999,"-77.0334333
"
38.8605033,"-76.98477299999999
"
38.854761,"-76.9960672
"
38.9342272,"-77.01916749999999
"
38.91467799999999,"-76.98468199999999
"
38.9192768,"-77.03933309999999
"
38.8274899,"-77.00055019999999
"
38.885808,"-76.95723599999999
"
38.9502002,"-77.01780620000001
"
38.891043,"-76.918043
"
38.90651889999999,"-77.038529
"
38.9040152,"-77.0064778
"
38.941305,"-76.9712768
"
38.9277165,"-77.02727689999999
"
38.917564,"-77.022211
"
38.9563521,"-76.9941551
"
38.90132699999999,"-77.00203599999999
"
38.9072944,"-77.041701
"
38.9112596,"-76.9353093
"
38.924608,"-77.039728
"
38.9429319,"-76.9836904
"
38.8747917,"-76.95884079999999
"
38.9169834,"-77.0296281
"
38.910984,"-77.029951
"
38.86845599999999,"-76.977188
"
38.9111288,"-77.04168369999999
"
38.9009019,"-77.0240074
"
38.885442,"-76.959566
"
38.9140841,"-77.0365264
"
38.944409,"-76.98610099999999
"
38.94430699999999,"-77.02041899999999
"
38.9021042,"-77.0420017
"
38.911867,"-77.03194839999999
"
38.9498918,"-77.0997007
"
38.947609,"-76.98030899999999
"
38.9256322,"-77.05357959999999
"
38.9549827,"-77.0701026
"
38.9270921,"-77.00610329999999
"
38.8636089,"-76.97106099999999
"
38.9295547,"-77.0331896
"
38.8886793,"-76.99496289999999
"
38.9095567,"-76.9361054
"
38.872016,"-77.0121948
"
38.9561946,"-77.0334452
"
38.952707,"-77.00353539999999
"
38.9554547,"-77.0119435
"
38.8989205,"-76.991546
"
38.966263,"-77.020134
"
38.9006787,"-77.05340219999999
"
38.948505,"-77.027306
"
38.9096397,"-77.0319598
"
38.892275,"-76.940978
"
38.9020786,"-76.9420506
"
38.9397327,"-77.0249645
"
38.92074909999999,"-77.0422143
"
38.8635141,"-76.99294209999999
"
38.907199,"-76.98329409999999
"
38.899984,"-76.938993
"
38.907696,"-77.038822
"
38.9194104,"-76.97086639999999
"
38.9056355,"-77.0102831
"
38.9201129,"-76.9703241
"
38.9201129,"-76.9703241
"
38.92683299999999,"-76.9632318
"
38.9194104,"-76.97086639999999
"
38.9187524,"-76.9637803
"
38.9187524,"-76.9637803
"
38.89755,"-76.985714
"
38.93311000000001,"-76.98485699999999
"
38.9346349,"-77.0709045
"
38.9584317,"-77.02588
"
38.8920283,"-76.98845439999999
"
38.9056565,"-77.02601109999999
"
38.9103916,"-77.0385005
"
38.9226743,"-76.9519176
"
38.954244,"-77.02655799999999
"
38.906627,"-77.043888
"
38.959108,"-77.030394
"
38.9029274,"-77.0398991
"
38.911876,"-77.0091322
"
38.8986211,"-77.0222471
"
38.907696,"-77.038822
"
38.899978,"-76.927824
"
38.9340509,"-77.041572
"
38.907109,"-77.02621599999999
"
38.907696,"-77.038822
"
38.8486333,"-77.00221689999999
"
38.9037175,"-77.00900519999999
"
38.90722570000001,"-77.0385453
"
38.955621,"-77.02252299999999
"
38.891605,"-76.93876
"
38.9074197,"-77.0263897
"
38.870211,"-76.93880999999999
"
38.926765,"-77.02318799999999
"
38.9020786,"-76.9420506
"
38.919065,"-77.022437
"
38.928722,"-77.012725
"
38.9063314,"-77.0121934
"
38.904647,"-77.0300029
"
38.9250807,"-76.9853011
"
38.9020319,"-77.0239881
"
38.86021849999999,"-76.98803939999999
"
38.8549679,"-76.98392559999999
"
38.9026508,"-77.043474
"
38.8941486,"-76.9391799
"
38.8805718,"-76.9300423
"
38.936437,"-77.07122
"
38.9148862,"-77.04167219999999
"
38.8784116,"-76.933368
"
38.968654,"-77.0261486
"
38.89999299999999,"-77.02285599999999
"
38.9000127,"-77.0167864
"
38.901326,"-76.994961
"
38.881682,"-76.987702
"
38.9155661,"-77.02964419999999
"
38.8795955,"-76.9873085
"
38.9085744,"-77.0152811
"
38.881682,"-76.987702
"
38.89209,"-76.934625
"
38.8933232,"-76.95051560000002
"
38.9173115,"-77.036804
"
38.9004077,"-76.9811378
"
38.9419854,"-77.0216406
"
38.911104,"-77.0229277
"
38.899986,"-77.044202
"
38.959736,"-77.08570899999999
"
38.92074909999999,"-77.0422143
"
38.968654,"-77.0261486
"
38.8792616,"-76.9961883
"
38.9111108,"-77.03261669999999
"
38.9479183,"-77.0785382
"
38.968654,"-77.0261486
"
38.892678,"-76.9472634
"
38.9002229,"-77.03188569999999
"
38.899986,"-77.044202
"
38.935233,"-77.02413
"
38.9479204,"-77.0820423
"
38.91198199999999,"-77.038129
"
38.8968636,"-76.97707699999999
"
38.9037719,"-76.98138
"
38.8717916,"-77.01351289999999
"
38.8876072,"-76.954669
"
38.8797502,"-76.93169929999999
"
38.9256353,"-77.03796419999999
"
38.869319,"-76.98195299999999
"
38.8564336,"-76.96258850000001
"
38.9441064,"-77.0217363
"
38.9722691,"-77.02704829999999
"
38.949969,"-77.07008499999999
"
38.95210710000001,"-77.06986239999999
"
38.9096361,"-77.0239715
"
38.9390754,"-77.0364998
"
38.921447,"-76.97451599999999
"
38.869661,"-76.95985999999999
"
38.921556,"-77.02927699999999
"
38.944063,"-76.9892689
"
38.9295547,"-77.0331896
"
38.8325497,"-77.0005024
"
38.922787,"-76.993505
"
38.941305,"-76.9712768
"
38.951246,"-77.07191899999999
"
38.941305,"-76.9712768
"
38.8620718,"-76.9714135
"
38.89234099999999,"-76.92939899999999
"
38.8975372,"-76.9666098
"
38.938287,"-77.033669
"
38.98133079999999,"-77.0307141
"
38.9000127,"-77.0167864
"
38.8942359,"-77.0219266
"
38.9167879,"-77.0371
"
38.9279647,"-77.0206013
"
38.908574,"-77.02396999999999
"
38.9056546,"-77.01892909999999
"
38.9020168,"-77.02399659999999
"
38.8973873,"-77.0090086
"
38.8971265,"-77.01973459999999
"
38.932269,"-76.9799029
"
38.897068,"-77.0201249
"
38.9588684,"-77.08524629999999
"
38.959736,"-77.08570899999999
"
38.8949053,"-77.0302118
"
38.911975,"-77.03228399999999
"
38.8802923,"-76.9823205
"
38.9147733,"-77.01833379999999
"
38.9037333,"-77.041691
"
38.8937784,"-76.92517529999999
"
38.9123965,"-77.0420041
"
38.88444,"-76.998167
"
38.9311777,"-77.0327525
"
38.9066064,"-76.98725259999999
"
38.91684559999999,"-77.0387034
"
38.8882819,"-76.935491
"
38.928612,"-77.0303208
"
38.831305,"-76.99704699999999
"
38.9040143,"-77.04001409999999
"
38.90558499999999,"-76.9912762
"
38.8949053,"-77.0302118
"
38.9722691,"-77.02704829999999
"
38.9849312,"-77.0270749
"
38.8947887,"-76.9762365
"
38.9155915,"-77.0239794
"
38.9155661,"-77.02964419999999
"
38.9072165,"-77.01992249999999
"
38.8859974,"-76.9304776
"
38.898775,"-76.917411
"
38.8908259,"-76.955321
"
38.948101,"-77.08896799999999
"
38.9765693,"-77.0287318
"
38.906593,"-77.042141
"
38.9278103,"-77.0261232
"
38.8745288,"-76.9732465
"
38.9072456,"-77.04344499999999
"
38.93045,"-76.979153
"
38.9024946,"-77.0162036
"
38.9056409,"-76.9528454
"
38.8868727,"-76.9838537
"
38.90882999999999,"-76.94185399999999
"
38.905746,"-76.942168
"
38.956328,"-77.024033
"
38.9281109,"-76.9807699
"
38.930104,"-77.019927
"
38.925116,"-77.031813
"
38.867633,"-76.95554400000002
"
38.8935967,"-76.93486089999999
"
38.853329,"-76.965391
"
38.9072207,"-77.0456844
"
38.891177,"-76.98203699999999
"
38.883572,"-76.99597399999999
"
38.8976941,"-76.97232699999999
"
38.97161699999999,"-77.03299799999999
"
38.820951,"-77.01049499999999
"
38.9582464,"-77.02024790000002
"
38.9275119,"-77.07201719999999
"
38.9286428,"-77.03472839999999
"
38.973131,"-77.018354
"
38.912437,"-77.038749
"
38.92683299999999,"-76.9632318
"
38.923462,"-76.959695
"
38.8903656,"-76.93392299999999
"
38.8973873,"-77.0090086
"
38.8609279,"-77.0005151
"
38.829199,"-77.00767499999999
"
38.9070597,"-77.05073539999999
"
38.9063019,"-76.936756
"
38.95815100000001,"-77.02604099999999
"
38.962979,"-77.028228
"
38.9508352,"-77.0255068
"
38.9137713,"-76.98735739999999
"
38.8597249,"-76.98936019999999
"
38.9435661,"-77.0642129
"
38.9046736,"-77.0121973
"
38.9134028,"-77.0529737
"
38.9388955,"-77.0168755
"
38.9223899,"-77.0211084
"
38.902561,"-76.97525999999999
"
38.898012,"-77.028519
"
38.9650747,"-77.02798609999999
"
38.890105,"-76.99826299999999
"
38.8479912,"-76.97085969999999
"
38.82946099999999,"-76.993599
"
38.882532,"-76.98987799999999
"
38.9163257,"-77.04166819999999
"
38.90078,"-77.03535099999999
"
38.9627238,"-77.01051749999999
"
38.91829260000001,"-77.0272976
"
38.8826987,"-76.99616019999999
"
38.9666974,"-77.0199069
"
38.882532,"-76.98987799999999
"
38.882532,"-76.98987799999999
"
38.9157402,"-77.0206529
"
38.8609577,"-76.96667429999999
"
38.9631596,"-77.0071009
"
38.91582349999999,"-77.0280987
"
38.915976,"-77.0173585
"
38.927979,"-76.988017
"
38.9353084,"-77.03609609999999
"
38.9111106,"-77.0487974
"
38.92074909999999,"-77.0422143
"
38.9543284,"-77.0242719
"
38.8993815,"-76.9458119
"
38.8442781,"-76.9980035
"
38.83493199999999,"-76.99125099999999
"
38.885808,"-76.95723599999999
"
38.9695567,"-77.026562
"
38.84402,"-77.0006736
"
38.9689644,"-77.0273704
"
38.906095,"-77.01015699999999
"
38.9229602,"-77.03164890000001
"
38.879015,"-76.98550729999999
"
38.8968838,"-76.99151979999999
"
38.9049509,"-77.063
"
38.8876036,"-76.9789789
"
38.9288038,"-77.0261785
"
38.876827,"-76.967356
"
38.9275107,"-77.0325225
"
38.979552,"-77.02563499999999
"
38.913146,"-77.02451599999999
"
38.9070203,"-77.02857110000001
"
38.9553948,"-77.00043549999999
"
38.872816,"-77.009683
"
38.8219237,"-77.0072248
"
38.88536680000001,"-76.97897589999999
"
38.9056409,"-76.9528454
"
38.904596,"-76.94149999999999
"
38.8973466,"-76.9854694
"
38.9796059,"-77.026786
"
38.8579605,"-76.99543559999999
"
38.868464,"-76.973405
"
38.8935486,"-76.92339849999999
"
38.9056671,"-77.04491929999999
"
38.978476,"-77.026748
"
38.959108,"-77.030394
"
38.881682,"-76.987702
"
38.950402,"-77.019603
"
38.8603999,"-76.97372
"
38.914234,"-77.0202259
"
38.939879,"-77.03010399999999
"
38.884682,"-76.959582
"
38.9022982,"-76.97810029999999
"
38.8935346,"-76.9246651
"
38.9072447,"-77.04061279999999
"
38.8767319,"-76.93397400000001
"
38.8677575,"-76.95855999999999
"
38.8746316,"-77.01664029999999
"
38.9673504,"-77.00698989999999
"
38.89785699999999,"-77.049347
"
38.90056,"-76.939189
"
38.8728692,"-77.0142807
"
38.9207713,"-77.0270544
"
38.956336,"-77.016295
"
38.926752,"-77.033231
"
38.845023,"-76.976235
"
38.9510205,"-77.0191344
"
38.90651889999999,"-77.038529
"
38.92074909999999,"-77.0422143
"
38.9549827,"-77.0701026
"
38.8626109,"-76.95362489999999
"
38.9560869,"-76.99953599999999
"
38.9172894,"-76.9788722
"
38.9172894,"-76.9788722
"
38.9096397,"-77.0319598
"
38.9387185,"-77.0335111
"
38.9312425,"-77.00666009999999
"
38.8997994,"-77.02807229999999
"
38.9138185,"-77.0177925
"
38.903883,"-77.000817
"
38.8418633,"-76.99846649999999
"
38.8997273,"-76.93272
"
38.9072276,"-77.0488158
"
38.8745435,"-76.97324259999999
"
38.9029274,"-77.0398991
"
38.9051914,"-77.06018539999999
"
38.975552,"-77.0613259
"
38.8646784,"-76.9500798
"
38.8694612,"-76.9709197
"
38.898012,"-77.028519
"
38.924313,"-77.0405159
"
38.91097,"-77.03877399999999
"
38.9349707,"-77.05400039999999
"
38.8866644,"-76.9303348
"
38.89734,"-77.0296594
"
38.900419,"-76.990021
"
38.9126149,"-77.02798969999999
"
38.9085822,"-77.0199262
"
38.903103,"-76.9946949
"
38.9310417,"-77.02355039999999
"
38.973131,"-77.018354
"
38.9614982,"-77.0100678
"
38.9234556,"-77.0370497
"
38.9018712,"-77.06115249999999
"
38.8971064,"-77.0243744
"
38.8795955,"-76.9873085
"
38.950726,"-77.067325
"
38.9104989,"-77.06195839999999
"
38.903318,"-76.991522
"
38.9037458,"-77.0399377
"
38.902943,"-77.0239682
"
38.8820096,"-76.9267146
"
38.9060314,"-77.0063641
"
38.9255967,"-76.99604719999999
"
38.8805718,"-76.9300423
"
38.8866644,"-76.9303348
"
38.902943,"-77.0239682
"
38.9001914,"-77.04172629999999
"
38.900452,"-76.994715
"
38.9712919,"-77.0161758
"
38.90252340000001,"-77.0058956
"
38.8970239,"-77.0263964
"
38.916106,"-76.974733
"
38.918281,"-77.000896
"
38.99295,"-77.041573
"
38.8941486,"-76.9391799
"
38.8624786,"-76.9902393
"
38.8810767,"-76.98819279999999
"
38.9332987,"-77.03647769999999
"
38.922892,"-77.039152
"
38.88943099999999,"-76.948667
"
38.9485287,"-77.01745860000001
"
38.8609291,"-77.00048769999999
"
38.9169834,"-77.0296281
"
38.9057498,"-77.03870549999999
"
38.8909273,"-76.9949649
"
38.9084684,"-77.0612665
"
38.908341,"-77.04942079999999
"
38.91556540000001,"-77.00769579999999
"
38.8442781,"-76.9980035
"
38.933933,"-76.98858899999999
"
38.92074909999999,"-77.0422143
"
38.9025301,"-77.0091638
"
38.9046714,"-77.00898239999999
"
38.917733,"-77.049795
"
38.9196445,"-77.04173089999999
"
38.90722570000001,"-77.0385453
"
38.905857,"-76.97601399999999
"
38.8655863,"-76.95130200000001
"
38.914669,"-77.039362
"
38.9186073,"-77.0419201
"
38.9140919,"-77.03195339999999
"
38.8508305,"-76.9823078
"
38.90527,"-76.937623
"
38.8841058,"-76.993083
"
38.9018481,"-76.9265577
"
38.9564549,"-77.0198688
"
38.944517,"-77.030868
"
38.9086835,"-77.0366648
"
38.9086835,"-77.0366648
"
38.9000127,"-77.0167864
"
38.932215,"-77.02410499999999
"
38.90515329999999,"-77.0058593
"
38.940858,"-76.989536
"
38.9264954,"-77.0818463
"
38.9482843,"-77.0253871
"
38.95126399999999,"-77.06517099999999
"
38.919339,"-76.987095
"
38.91556260000001,"-77.0270524
"
38.9661318,"-77.0276027
"
38.8211091,"-77.01079559999999
"
38.9597171,"-77.0222933
"
38.934709,"-77.030039
"
38.874502,"-76.9720509
"
38.8916742,"-76.95177319999999
"
38.8584079,"-76.99327359999999
"
38.9174884,"-77.01597269999999
"
38.89751890000001,"-76.93920279999999
"
38.8763859,"-77.0106254
"
38.92021,"-77.00026200000001
"
38.935244,"-77.065074
"
38.9155823,"-77.0280753
"
38.9056409,"-76.9528454
"
38.8996009,"-76.9902213
"
38.8767319,"-76.93397400000001
"
38.9519296,"-77.08655139999999
"
38.907246,"-77.04664339999999
"
38.905598,"-76.9508759
"
38.9507197,"-77.0749694
"
38.884061,"-76.941547
"
38.8406263,"-76.99364439999999
"
38.91556509999999,"-77.02292969999999
"
38.898012,"-77.028519
"
38.9169834,"-77.0296281
"
38.9376098,"-77.024508
"
38.9052388,"-77.04882189999999
"
38.8838336,"-76.99618009999999
"
38.91129919999999,"-76.94133939999999
"
38.851075,"-76.97373139999999
"
38.9229911,"-77.0005735
"
38.9610166,"-77.0828934
"
38.8975372,"-76.9666098
"
38.929872,"-77.102952
"
38.90176290000001,"-76.98236179999999
"
38.894874,"-77.04422199999999
"
38.9581697,"-77.03370989999999
"
38.928712,"-77.0275305
"
38.9324299,"-77.0207018
"
38.8926981,"-76.9291544
"
38.9132482,"-77.0161672
"
38.8518845,"-76.98686859999999
"
38.8896823,"-76.9177866
"
38.900632,"-77.020256
"
38.9503152,"-76.9856666
"
38.91935489999999,"-76.956655
"
38.90981,"-77.030642
"
38.9553948,"-77.00043549999999
"
38.9352311,"-77.0241113
"
38.9337329,"-76.991288
"
38.8789919,"-77.0167249
"
38.965928,"-77.03363890000001
"
38.860555,"-76.98963599999999
"
38.98214,"-77.02695899999999
"
38.8648956,"-76.97978619999999
"
38.8963152,"-77.01545229999999
"
38.902959,"-76.98195699999999
"
38.9021614,"-77.03229429999999
"
38.877304,"-77.01412999999999
"
38.83161,"-76.999492
"
38.90723089999999,"-77.043459
"
38.9247585,"-77.02969449999999
"
38.8869581,"-76.9898036
"
38.9156143,"-77.0703462
"
38.9096243,"-77.0199246
"
38.8758635,"-77.0030689
"
38.9117377,"-77.0755011
"
38.82501,"-77.00752399999999
"
38.9666338,"-77.0299242
"
38.94101790000001,"-77.0179431
"
38.9295547,"-77.0331896
"
38.89836340000001,"-76.9269377
"
38.90112999999999,"-77.041963
"
38.9020712,"-77.04383709999999
"
38.9050331,"-77.0613113
"
38.90212229999999,"-77.0349849
"
38.9224322,"-77.0270544
"
38.956863,"-77.07161599999999
"
38.906827,"-76.9989669
"
38.91670879999999,"-77.06810179999999
"
38.8824759,"-76.92872
"
38.9016522,"-76.92443759999999
"
38.9312479,"-77.03054300000001
"
38.83631,"-77.00075959999999
"
38.883942,"-76.98338799999999
"
38.9202109,"-76.9995107
"
38.942952,"-77.06942699999999
"
38.852509,"-76.980896
"
38.898248,"-76.979389
"
38.9107904,"-77.0812474
"
38.899237,"-76.942409
"
38.89537,"-76.94213999999999
"
38.899489,"-76.9762271
"
38.885729,"-76.99766699999999
"
38.8837334,"-76.9949537
"
38.9348171,"-77.0828442
"
38.9015306,"-76.98079079999999
"
38.88186,"-76.93576
"
38.9247534,"-76.9622418
"
38.9626965,"-77.02974759999999
"
38.887892,"-76.92760299999999
"
38.91186070000001,"-77.0065128
"
38.9002622,"-76.9984236
"
38.922366,"-76.966534
"
38.9450564,"-77.03881509999999
"
38.89679539999999,"-76.9425964
"
38.949495,"-77.07932199999999
"
38.9650747,"-77.02798609999999
"
38.8267969,"-77.0004572
"
38.9614556,"-77.0281581
"
38.933828,"-76.99081199999999
"
38.90123,"-76.92080200000001
"
38.9435661,"-77.0642129
"
38.92533450000001,"-77.0354633
"
38.91949049999999,"-77.028851
"
38.9105155,"-77.0469756
"
38.8638616,"-76.983937
"
38.9047579,"-77.0385007
"
38.8975579,"-76.999312
"
38.897373,"-76.9984666
"
38.971264,"-77.024811
"
38.8902791,"-76.93654699999999
"
38.906703,"-77.012683
"
38.858888,"-76.9681741
"
38.9000127,"-77.0167864
"
38.9386831,"-77.02408729999999
"
38.881503,"-76.99930200000001
"
38.92655269999999,"-77.0324195
"
38.9140811,"-77.0325874
"
38.8811427,"-77.0154314
"
38.9024946,"-77.0162036
"
38.8807785,"-76.99005579999999
"
38.909048,"-77.030537
"
38.9312425,"-77.00666009999999
"
38.9049509,"-77.063
"
38.88883420000001,"-77.0003974
"
38.897782,"-76.984796
"
38.829171,"-76.99847919999999
"
38.8970239,"-77.0263964
"
38.906703,"-77.012683
"
38.945386,"-76.989941
"
38.906627,"-77.043888
"
38.888944,"-76.93256
"
38.9312479,"-77.03054300000001
"
38.9312479,"-77.03054300000001
"
38.91556540000001,"-77.00769579999999
"
38.938159,"-77.0743085
"
38.8759774,"-77.0132828
"
38.93003300000001,"-77.057553
"
38.9056497,"-76.94029359999999
"
38.8785712,"-76.9961809
"
38.9199977,"-77.0219422
"
38.9250807,"-76.9853011
"
38.88894639999999,"-76.9557923
"
38.954266,"-77.02792769999999
"
38.9050918,"-77.0596602
"
38.840913,"-76.995831
"
38.915728,"-77.02644599999999
"
38.847544,"-76.977926
"
38.8443172,"-76.990594
"
38.9118698,"-77.03651429999999
"
38.924544,"-77.029889
"
38.934114,"-77.057209
"
38.914891,"-77.043767
"
38.914891,"-77.043767
"
38.914891,"-77.043767
"
38.911876,"-77.0091322
"
38.902018,"-76.976518
"
38.857212,"-76.9646097
"
38.9005114,"-77.0094721
"
38.896455,"-77.0487784
"
38.9049421,"-76.9372712
"
38.9096329,"-76.9853394
"
38.912455,"-77.02015
"
38.845445,"-76.996803
"
38.89587119999999,"-76.9937436
"
38.9295348,"-77.029944
"
38.9062046,"-77.03089609999999
"
38.918263,"-77.032358
"
38.883154,"-76.928635
"
38.8707573,"-76.97495019999999
"
38.8975372,"-76.9666098
"
38.8503055,"-76.96581189999999
"
38.9056313,"-77.028092
"
38.9284997,"-77.0335762
"
38.9479204,"-77.0820423
"
38.8901023,"-76.9511723
"
38.944785,"-77.0770534
"
38.9096584,"-77.04583840000001
"
38.91651540000001,"-77.0220652
"
38.89095289999999,"-76.98549249999999
"
38.92002,"-77.013683
"
38.93933699999999,"-77.07564099999999
"
38.9251121,"-77.0089619
"
38.925143,"-77.07787499999999
"
38.882532,"-76.98987799999999
"
38.9362205,"-77.0623705
"
38.8948014,"-76.9995284
"
38.9334902,"-77.06863299999999
"
38.8540781,"-76.97119459999999
"
38.9180989,"-77.01352059999999
"
38.9025703,"-77.0260119
"
38.9334877,"-77.0709066
"
38.9052145,"-77.05796359999999
"
38.920451,"-77.04022499999999
"
38.903074,"-76.9735233
"
38.907625,"-77.06124939999999
"
38.8795189,"-76.98740669999999
"
38.8904198,"-76.9513128
"
38.913454,"-77.043053
"
38.9058054,"-77.01366390000001
"
38.88127739999999,"-76.9995155
"
38.9110653,"-77.0506992
"
38.892262,"-76.999297
"
38.858198,"-76.99256
"
38.904645,"-77.05753009999999
"
38.904324,"-77.020256
"
38.845927,"-76.996466
"
38.870364,"-76.966481
"
38.91556200000001,"-77.0416673
"
38.9076883,"-77.07035569999999
"
38.9295348,"-77.029944
"
38.85433039999999,"-76.97297519999999
"
38.9198132,"-77.0005759
"
38.850129,"-76.97594900000001
"
38.9295547,"-77.0331896
"
38.9040143,"-77.04001409999999
"
38.8462149,"-76.9965483
"
38.91187499999999,"-77.013655
"
38.9013187,"-77.03852909999999
"
38.898012,"-77.028519
"
38.8605033,"-76.98477299999999
"
38.9064357,"-77.0088871
"
38.9551603,"-77.0297217
"
38.910641,"-77.06635899999999
"
38.89234099999999,"-76.92939899999999
"
38.9091151,"-76.9991347
"
38.919317,"-77.01245899999999
"
38.932429,"-77.030045
"
38.929437,"-77.03546399999999
"
38.9113384,"-76.9848894
"
38.845023,"-76.976235
"
38.94840629999999,"-77.0805208
"
38.889135,"-76.982708
"
38.89996500000001,"-76.928073
"
38.91651540000001,"-77.0220652
"
38.92349400000001,"-77.044697
"
38.91115629999999,"-77.0434655
"
38.959736,"-77.08570899999999
"
38.8973365,"-77.0280643
"
38.928861,"-77.02998699999999
"
38.9096274,"-77.0162764
"
38.8986211,"-77.0222471
"
38.907696,"-77.038822
"
38.908472,"-77.08343599999999
"
38.9021036,"-77.0369178
"
38.8786698,"-76.9352335
"
38.8997531,"-77.0162134
"
38.8928782,"-76.94070289999999
"
38.89938799999999,"-77.0504349
"
38.910381,"-77.0315789
"
38.9029274,"-77.0398991
"
38.9322212,"-77.0308921
"
38.8590729,"-76.99291169999999
"
38.9311887,"-77.0327375
"
38.8973483,"-76.9943778
"
38.9665468,"-77.0566522
"
38.9001617,"-76.94483749999999
"
38.94939900000001,"-77.08643020000001
"
38.9269095,"-77.0211501
"
38.8464799,"-76.9770779
"
38.9353084,"-77.03609609999999
"
38.9857291,"-77.02837509999999
"
38.9169984,"-77.0320505
"
38.991818,"-77.03587109999999
"
38.8615569,"-76.956307
"
38.9857291,"-77.02837509999999
"
38.9857291,"-77.02837509999999
"
38.850411,"-76.9844164
"
38.981813,"-77.02344599999999
"
38.9338892,"-77.0379099
"
38.9125866,"-77.014081
"
38.9827201,"-77.02447239999999
"
38.988009,"-77.031485
"
38.971642,"-77.02445969999999
"
38.899978,"-76.927824
"
38.92631,"-77.00570909999999
"
38.90359979999999,"-76.9916229
"
38.899059,"-76.99817999999999
"
38.9639858,"-77.0756858
"
38.9028813,"-77.06058489999999
"
38.8666537,"-76.98437849999999
"
38.8933232,"-76.95051560000002
"
38.907535,"-77.0426729
"
38.9138053,"-77.02852059999999
"
38.9096731,"-77.0151982
"
38.89866019999999,"-77.03996119999999
"
38.898012,"-77.028519
"
38.91383200000001,"-77.020883
"
38.92683299999999,"-76.9632318
"
38.858198,"-76.99256
"
38.9111224,"-77.01990499999999
"
38.86653039999999,"-76.97899579999999
"
38.911256,"-77.017234
"
38.921868,"-77.07460200000001
"
38.91556509999999,"-77.02292969999999
"
38.900419,"-76.990021
"
38.935687,"-77.084716
"
38.9181232,"-77.0345504
"
38.9060823,"-76.9347765
"
38.9551897,"-77.0257223
"
38.9076883,"-77.07035569999999
"
38.9154311,"-77.03879429999999
"
38.9140973,"-77.0448937
"
38.890715,"-76.955072
"
38.9250807,"-76.9853011
"
38.910203,"-76.9849553
"
38.9262988,"-77.0121522
"
38.851075,"-76.97373139999999
"
38.8918833,"-76.9514525
"
38.882532,"-76.98987799999999
"
38.89773,"-76.977007
"
38.944119,"-77.026472
"
38.9001103,"-77.0222843
"
38.9064936,"-77.03541179999999
"
38.9143479,"-77.041893
"
38.90462429999999,"-77.04119740000002
"
38.9613526,"-77.01992129999999
"
38.877166,"-77.00011739999999
"
38.888875,"-76.99929999999999
"
38.9054493,"-77.0324641
"
38.8609577,"-76.96667429999999
"
38.8418633,"-76.99846649999999
"
38.891144,"-76.99592299999999
"
38.9093697,"-77.0547715
"
38.945744,"-77.08838899999999
"
38.9493114,"-77.0157622
"
38.9568299,"-77.011926
"
38.894814,"-76.9926634
"
38.8966815,"-76.9836299
"
38.928491,"-77.0276559
"
38.959736,"-77.08570899999999
"
38.9144161,"-77.0460784
"
38.86257700000001,"-76.992313
"
38.903813,"-76.929475
"
38.8975372,"-76.9666098
"
38.967645,"-77.027835
"
38.9479204,"-77.0820423
"
38.8508401,"-76.96794849999999
"
38.9470635,"-76.98076200000001
"
38.9224545,"-76.9922741
"
38.95906799999999,"-77.08384629999999
"
38.8826417,"-76.99151789999999
"
38.9126415,"-77.03653129999999
"
38.9479089,"-77.07851959999999
"
38.902523,"-76.99842749999999
"
38.902959,"-76.98195699999999
"
38.842169,"-76.99360799999999
"
38.904807,"-76.93408699999999
"
38.8983176,"-77.02598689999999
"
38.887745,"-76.95579889999999
"
38.900419,"-76.990021
"
38.9129322,"-77.01405849999999
"
38.9206654,"-77.0400413
"
38.899757,"-76.98517199999999
"
38.86653039999999,"-76.97899579999999
"
38.95334,"-77.018002
"
38.911322,"-77.036987
"
38.948201,"-77.02395419999999
"
38.9112719,"-77.023203
"
38.8591849,"-76.96113
"
38.9100832,"-77.00143039999999
"
38.9100832,"-77.00143039999999
"
38.8211091,"-77.01079559999999
"
38.9461313,"-77.0266216
"
38.892296,"-76.929053
"
38.9309376,"-77.0308855
"
38.887446,"-76.991249
"
38.8973474,"-76.992633
"
38.931803,"-77.02103799999999
"
38.9177076,"-76.97183179999999
"
38.9140819,"-77.0219372
"
38.9125309,"-77.05930499999999
"
38.922787,"-76.993505
"
38.8889896,"-76.9883281
"
38.8666537,"-76.98437849999999
"
38.9280515,"-76.97809629999999
"
38.912158,"-76.936031
"
38.868101,"-76.978707
"
38.894831,"-76.91226900000001
"
38.9349484,"-77.0886879
"
38.9022037,"-77.0452516
"
38.869661,"-76.95985999999999
"
38.8464799,"-76.9770779
"
38.9144161,"-77.0460784
"
38.9037206,"-77.0161897
"
38.9096334,"-76.99583779999999
"
38.9295547,"-77.0331896
"
38.920332,"-77.0153629
"
38.9275374,"-77.03252189999999
"
38.862765,"-76.992245
"
38.9025218,"-77.01374439999999
"
38.9040143,"-77.04001409999999
"
38.90078,"-77.03535099999999
"
38.924313,"-77.0405159
"
38.9169834,"-77.0296281
"
38.9096533,"-77.0249953
"
38.9312201,"-77.0009712
"
38.9270921,"-77.00610329999999
"
38.9455213,"-77.0926635
"
38.944564,"-77.0929419
"
38.8820096,"-76.9267146
"
38.836704,"-76.9931801
"
38.922787,"-76.993505
"
38.9104305,"-77.042996
"
38.887374,"-76.950351
"
38.8859934,"-76.93589829999999
"
38.8983253,"-77.0319485
"
38.900563,"-77.04687009999999
"
38.9355819,"-76.99336699999999
"
38.94840629999999,"-77.0805208
"
38.8563328,"-76.98864259999999
"
38.9008293,"-77.051953
"
38.9072017,"-76.93890639999999
"
38.9056709,"-77.01894709999999
"
38.9039742,"-77.0349519
"
38.9331039,"-76.99634449999999
"
38.8609291,"-77.00048769999999
"
38.9056313,"-77.028092
"
38.8997967,"-77.0199169
"
38.9205037,"-77.07164379999999
"
38.883084,"-76.9343281
"
38.9096445,"-77.01894659999999
"
38.858198,"-76.99256
"
38.8418633,"-76.99846649999999
"
38.9111451,"-77.00987649999999
"
38.9409394,"-77.020973
"
38.9180976,"-77.0280915
"
38.868555,"-76.94362599999999
"
38.8812796,"-76.98745439999999
"
38.928491,"-77.0276559
"
38.91097,"-77.03877399999999
"
38.880198,"-76.939257
"
38.894831,"-76.91226900000001
"
38.9666984,"-77.0224575
"
38.903967,"-76.9947509
"
38.9288038,"-77.0261785
"
38.94075550000001,"-77.00431859999999
"
38.90212229999999,"-77.0349849
"
38.9111108,"-77.03261669999999
"
38.968654,"-77.0261486
"
38.8579605,"-76.99543559999999
"
38.90251629999999,"-77.02706259999999
"
38.8825752,"-76.994664
"
38.8905311,"-76.95813249999999
"
38.89474610000001,"-77.027023
"
38.9323704,"-76.99618
"
38.9231164,"-77.0402325
"
38.933443,"-76.992706
"
38.907535,"-77.0426729
"
38.8919054,"-76.9425851
"
38.9168358,"-77.0274091
"
38.904324,"-77.020256
"
38.9062445,"-76.99836809999999
"
38.9076883,"-77.07035569999999
"
38.9341287,"-77.0332562
"
38.9119931,"-76.9407322
"
38.97236120000001,"-77.01805
"
38.9052388,"-77.04882189999999
"
38.9533187,"-77.0837975
"
38.9078354,"-77.0431602
"
38.930104,"-77.019927
"
38.888196,"-76.919116
"
38.92240719999999,"-76.9747076
"
38.9511155,"-77.0679595
"
38.903898,"-77.0023779
"
38.903898,"-77.0023779
"
38.8418968,"-76.9977444
"
38.9022862,"-77.04670349999999
"
38.9022363,"-77.04011369999999
"
38.9194104,"-76.97086639999999
"
38.9222999,"-77.073448
"
38.89714499999999,"-76.921892
"
38.9169973,"-77.0270453
"
38.8616079,"-76.96836800000001
"
38.8473373,"-76.98178589999999
"
38.907242,"-77.0239768
"
38.848626,"-77.001825
"
38.9054311,"-77.0242068
"
38.9223086,"-77.04318529999999
"
38.8826417,"-76.99151789999999
"
38.8795955,"-76.9873085
"
38.90515329999999,"-77.0058593
"
38.886729,"-76.988033
"
38.85630159999999,"-76.96794419999999
"
38.8770883,"-77.0040154
"
38.9343608,"-77.03881899999999
"
38.8873063,"-77.0018233
"
38.9531225,"-77.0197297
"
38.8609291,"-77.00048769999999
"
38.8989255,"-77.00205649999999
"
38.904824,"-76.932987
"
38.91409100000001,"-77.019898
"
38.877403,"-77.021585
"
38.9254873,"-77.0323212
"
38.939537,"-77.029928
"
38.8901454,"-76.9368044
"
38.8741707,"-76.97499449999999
"
38.9025576,"-76.9926619
"
38.8302321,"-77.0076552
"
38.886698,"-76.94799499999999
"
38.9015282,"-76.930888
"
38.922119,"-77.043565
"
38.922568,"-76.96397999999999
"
38.8961295,"-77.012164
"
38.8983225,"-77.0466565
"
38.932537,"-76.99099799999999
"
38.9053863,"-77.0630096
"
38.942635,"-77.034548
"
38.9252102,"-77.0502042
"
38.8998986,"-76.92505729999999
"
38.90251629999999,"-77.02706259999999
"
38.9013386,"-76.9937467
"
38.8448734,"-76.97788
"
38.9052145,"-77.05796359999999
"
38.9085738,"-77.0253898
"
38.9004713,"-76.9228265
"
38.882532,"-76.98987799999999
"
38.924659,"-76.992745
"
38.9049509,"-77.063
"
38.898012,"-77.028519
"
38.9155634,"-77.03455030000001
"
38.90411599999999,"-77.063047
"
38.9000127,"-77.0167864
"
38.9559352,"-77.0820416
"
38.9349707,"-77.05400039999999
"
38.9643552,"-77.0302415
"
38.8478547,"-77.0055656
"
38.9000127,"-77.0167864
"
38.8478547,"-77.0055656
"
38.847636,"-76.97303099999999
"
38.9111013,"-77.0308838
"
38.9142814,"-77.0241659
"
38.919959,"-76.9702348
"
38.9261259,"-77.0415608
"
38.9310482,"-77.0235079
"
38.90176290000001,"-76.98236179999999
"
38.9207713,"-77.0270544
"
38.8975372,"-76.9666098
"
38.944119,"-77.026472
"
38.96309000000001,"-77.020093
"
38.9059544,"-77.0419256
"
38.846903,"-76.98030159999999
"
38.9170048,"-77.0384849
"
38.906982,"-77.052003
"
38.9333198,"-77.03293699999999
"
38.85433039999999,"-76.97297519999999
"
38.9752973,"-77.0163755
"
38.9162624,"-77.0296518
"
38.9341663,"-77.02399319999999
"
38.9072092,"-77.00890849999999
"
38.906095,"-77.01015699999999
"
38.924544,"-77.029889
"
38.93868579999999,"-77.02971869999999
"
38.9062055,"-77.01216900000001
"
38.9255437,"-76.99041799999999
"
38.896455,"-76.914491
"
38.88181580000001,"-76.9898779
"
38.892802,"-76.959784
"
38.90120659999999,"-77.05083189999999
"
38.929631,"-77.026546
"
38.907561,"-76.930615
"
38.9310417,"-77.02355039999999
"
38.9206938,"-77.04557939999999
"
38.9056285,"-76.9762315
"
38.873571,"-76.969999
"
38.9072092,"-77.00890849999999
"
38.849862,"-77.005139
"
38.924313,"-77.0405159
"
38.910411,"-77.01553699999999
"
38.89970599999999,"-76.98982699999999
"
38.86257700000001,"-76.992313
"
38.8855239,"-76.98812
"
38.885139,"-76.98346599999999
"
38.9576462,"-77.02859979999999
"
38.8265456,"-76.9970448
"
38.9029521,"-76.9327014
"
38.8933726,"-76.98077959999999
"
38.894782,"-76.986097
"
38.8635938,"-76.9741033
"
38.918263,"-77.032358
"
38.907848,"-77.0692586
"
38.829212,"-77.00318
"
38.8766559,"-76.961631
"
38.950119,"-77.02018199999999
"
38.906068,"-76.93583439999999
"
38.934709,"-77.030039
"
38.8403597,"-76.99072720000001
"
38.9094399,"-77.015394
"
38.965092,"-77.002152
"
38.961517,"-76.99894399999999
"
38.9376119,"-77.02722039999999
"
38.9008306,"-76.98295109999999
"
38.92074909999999,"-77.0422143
"
38.9056335,"-77.0412061
"
38.9126208,"-77.0332604
"
38.9041569,"-77.01836779999999
"
38.858906,"-76.96819499999999
"
38.8579605,"-76.99543559999999
"
38.8922792,"-76.9512651
"
38.9063019,"-76.936756
"
38.910203,"-76.9849553
"
38.8907232,"-76.9524986
"
38.8829356,"-77.01609879999999
"
38.898026,"-77.0451159
"
38.91432229999999,"-77.00931869999999
"
38.899825,"-77.0240266
"
38.88718799999999,"-76.927556
"
38.9442377,"-77.01724320000001
"
38.9380374,"-77.0231447
"
38.9046807,"-76.9286123
"
38.927064,"-76.984315
"
38.9068639,"-77.0376694
"
38.921612,"-76.979237
"
38.9125866,"-77.014081
"
38.900192,"-76.98550109999999
"
38.8989272,"-77.0020232
"
38.887602,"-76.940274
"
38.906095,"-77.01015699999999
"
38.9011144,"-77.0369539
"
38.90596790000001,"-76.9492983
"
38.8887861,"-76.9560546
"
38.9284997,"-77.0335762
"
38.9577422,"-77.07461259999999
"
38.88833,"-76.9323467
"
38.936439,"-77.03302099999999
"
38.8726429,"-76.966109
"
38.889429,"-76.922952
"
38.921449,"-77.003846
"
38.9295547,"-77.0331896
"
38.9482475,"-77.0327274
"
38.8903188,"-76.97943819999999
"
38.8745164,"-76.9734898
"
38.8783604,"-76.9631007
"
38.9539172,"-77.0338144
"
38.9442504,"-76.9796284
"
38.8570181,"-76.98223899999999
"
38.92404399999999,"-77.025758
"
38.884734,"-76.95710099999999
"
38.95849580000001,"-76.9987258
"
38.9277609,"-76.99354199999999
"
38.8466476,"-76.9758806
"
38.921306,"-77.012148
"
38.920982,"-77.03518439999999
"
38.9056857,"-77.0005918
"
38.905461,"-77.045209
"
38.8200256,"-77.00749309999999
"
38.9248639,"-77.02558479999999
"
38.90847970000001,"-77.032279
"
38.9193511,"-77.02998649999999
"
38.9046784,"-76.92655189999999
"
38.829212,"-77.00318
"
38.877821,"-77.01935999999999
"
38.8850781,"-77.003502
"
38.874611,"-76.9677664
"
38.8824759,"-76.92872
"
38.9350825,"-76.9755426
"
38.8959331,"-76.91916789999999
"
38.916375,"-77.014132
"
38.901318,"-77.0394191
"
38.882532,"-76.98987799999999
"
38.8873739,"-76.99614269999999
"
38.9022363,"-77.04011369999999
"
38.884536,"-77.024976
"
38.893351,"-76.95082500000001
"
38.952407,"-76.991687
"
38.8903868,"-76.9902596
"
38.9137709,"-77.0695889
"
38.885221,"-76.986115
"
38.9294188,"-76.99619439999999
"
38.94966,"-77.0364859
"
38.88943099999999,"-76.948667
"
38.891184,"-77.00174699999999
"
38.8860252,"-76.99615159999999
"
38.9133607,"-77.031932
"
38.9202921,"-77.07123849999999
"
38.9259026,"-76.9689746
"
38.903033,"-76.93898399999999
"
38.845927,"-76.996466
"
38.839909,"-76.977583
"
38.907535,"-77.0426729
"
38.882532,"-76.98987799999999
"
38.944557,"-77.09634299999999
"
38.9059544,"-77.0419256
"
38.888534,"-76.9770441
"
38.9146407,"-77.0673958
"
38.935384,"-77.037065
"
38.8983067,"-77.02966499999999
"
38.9199719,"-76.96496739999999
"
38.929235,"-77.01975299999999
"
38.9486649,"-76.99162219999999
"
38.896511,"-77.03267799999999
"
38.878445,"-76.937117
"
38.95766589999999,"-77.01263539999999
"
38.9072017,"-76.93890639999999
"
38.9314358,"-76.9936034
"
38.894136,"-76.93919699999999
"
38.905278,"-77.048828
"
38.9181395,"-76.99275519999999
"
38.9000127,"-77.0167864
"
38.8812845,"-76.9961692
"
38.88943099999999,"-76.948667
"
38.9013402,"-76.9949446
"
38.9035255,"-77.0456373
"
38.912773,"-77.04361759999999
"
38.92006800000001,"-77.097049
"
38.8812581,"-76.9949565
"
38.9561467,"-77.0861819
"
38.909446,"-76.98695099999999
"
38.9053863,"-77.0630096
"
38.978466,"-77.0246963
"
38.911278,"-77.03481699999999
"
38.951052,"-77.012553
"
38.9170078,"-77.01217029999999
"
38.8925354,"-76.9961921
"
38.88894639999999,"-76.9557923
"
38.9141277,"-77.04345979999999
"
38.8984368,"-77.02192599999999
"
38.9056431,"-76.97806249999999
"
38.880994,"-76.9352059
"
38.9498806,"-77.0220152
"
38.8973489,"-76.9926622
"
38.90372869999999,"-77.0385064
"
38.91701390000001,"-77.03196459999999
"
38.86541570000001,"-76.98754149999999
"
38.880885,"-76.983411
"
38.9155915,"-77.0239794
"
38.8975372,"-76.9666098
"
38.8682361,"-76.9721718
"
38.851075,"-76.97373139999999
"
38.96272,"-77.0105136
"
38.9070382,"-76.9896881
"
38.9013216,"-76.92978630000002
"
38.9100832,"-77.00143039999999
"
38.937354,"-77.025453
"
38.909712,"-76.98707899999999
"
38.8961398,"-76.99378039999999
"
38.88833,"-76.9323467
"
38.922824,"-76.99220099999999
"
38.8644214,"-76.95190699999999
"
38.9025305,"-77.00353679999999
"
38.873112,"-76.977166
"
38.8551466,"-76.96799969999999
"
38.908328,"-76.9862479
"
38.8598103,"-76.97355069999999
"
38.926736,"-77.006593
"
38.8654704,"-76.9582482
"
38.878501,"-76.931162
"
38.8713831,"-76.9749575
"
38.9181197,"-76.9995363
"
38.830351,"-76.998299
"
38.8947039,"-77.01517269999999
"
38.9169629,"-77.0439076
"
38.9747912,"-77.0198906
"
38.869661,"-76.95985999999999
"
38.8746262,"-77.01061919999999
"
38.93219,"-77.08652599999999
"
38.9096359,"-77.0345762
"
38.900226,"-77.02025499999999
"
38.928922,"-76.968721
"
38.9041823,"-77.02193930000001
"
38.93733570000001,"-77.03303530000001
"
38.8478773,"-76.9786292
"
38.8973873,"-77.0090086
"
38.8855239,"-76.98812
"
38.904411,"-76.97474
"
38.9085468,"-77.02809330000001
"
38.8807785,"-76.99005579999999
"
38.9072386,"-77.0219218
"
38.9355819,"-76.99336699999999
"
38.903074,"-76.9735233
"
38.8988107,"-77.0274527
"
38.9063019,"-76.936756
"
38.927403,"-76.9781859
"
38.9368744,"-76.9786383
"
38.855356,"-76.995166
"
38.8853417,"-76.9882959
"
38.922557,"-76.973771
"
38.907255,"-76.9388379
"
38.9498251,"-77.02375859999999
"
38.9277381,"-77.0272935
"
38.8439816,"-76.9924103
"
38.9435661,"-77.0642129
"
38.893662,"-76.92889699999999
"
38.9154796,"-76.99231
"
38.9329115,"-77.0276717
"
38.919018,"-77.032358
"
38.892233,"-76.9913399
"
38.873571,"-76.969999
"
38.9051914,"-77.06018539999999
"
38.8947931,"-76.99154849999999
"
38.898012,"-77.028519
"
38.9576666,"-77.01367209999999
"
38.943998,"-77.0327413
"
38.8927157,"-76.9878159
"
38.9096397,"-77.0319598
"
38.91185249999999,"-77.0326104
"
38.937592,"-77.02970569999999
"
38.902123,"-77.02864699999999
"
38.8294484,"-77.00221809999999
"
38.9050918,"-77.0596602
"
38.9029274,"-77.0398991
"
38.94729969999999,"-76.9949755
"
38.946402,"-76.99460999999999
"
38.915552,"-77.01867
"
38.91811,"-77.02598999999999
"
38.9461945,"-77.02356209999999
"
38.9495239,"-77.02562999999999
"
38.899475,"-77.019232
"
38.85653370000001,"-76.97519539999999
"
38.8445902,"-77.00202949999999
"
38.93757799999999,"-77.072177
"
38.95097,"-77.030068
"
38.8941963,"-76.988292
"
38.88833,"-76.9323467
"
38.9572895,"-77.02972179999999
"
38.8321312,"-76.98732679999999
"
38.9155631,"-77.04343039999999
"
38.8983361,"-77.0514417
"
38.9665705,"-77.0281451
"
38.9015282,"-76.930888
"
38.8355291,"-76.9829743
"
38.9642129,"-77.0244367
"
38.8745161,"-77.01779119999999
"
38.8828464,"-76.98830579999999
"
38.894635,"-76.92721299999999
"
38.89210370000001,"-77.02596129999999
"
38.904647,"-77.0300029
"
38.8584079,"-76.99327359999999
"
38.9227433,"-77.03647789999999
"
38.8627557,"-76.9922064
"
38.8860517,"-77.0210012
"
38.896319,"-77.00183899999999
"
38.932607,"-76.9923419
"
38.8920133,"-76.96021429999999
"
38.8805718,"-76.9300423
"
38.8551783,"-76.98222629999999
"
38.9144161,"-77.0460784
"
38.9037229,"-77.0365535
"
38.8970947,"-76.93148429999999
"
38.8783858,"-76.9631136
"
38.8603307,"-77.0010923
"
38.937354,"-77.025453
"
38.90723089999999,"-77.043459
"
38.8985559,"-76.9423599
"
38.9430365,"-77.0216593
"
38.89866019999999,"-77.03996119999999
"
38.8812037,"-77.0122696
"
38.9046807,"-76.9286123
"
38.882502,"-76.993557
"
38.9008306,"-76.98295109999999
"
38.92683299999999,"-76.9632318
"
38.8336046,"-77.0084195
"
38.9075795,"-77.029792
"
38.8828567,"-76.9902263
"
38.924799,"-77.02293
"
38.9090755,"-77.0223841
"
38.9001103,"-77.0222843
"
38.8876144,"-76.94026239999999
"
38.9401,"-76.980423
"
38.8620718,"-76.9714135
"
38.8728692,"-77.0142807
"
38.8960977,"-76.94826560000001
"
38.8840912,"-76.9854993
"
38.8840912,"-76.9854993
"
38.897517,"-76.942599
"
38.8975372,"-76.9666098
"
38.8503055,"-76.96581189999999
"
38.9320493,"-77.0368161
"
38.8961427,"-77.0097433
"
38.8394925,"-76.99587649999999
"
38.828685,"-77.00709499999999
"
38.92854519999999,"-77.0564559
"
38.841326,"-76.99176899999999
"
38.887745,"-76.95579889999999
"
38.912753,"-77.012428
"
38.8448899,"-76.9778707
"
38.915552,"-77.01867
"
38.9229257,"-76.9925992
"
38.8822745,"-76.93134359999999
"
38.88718799999999,"-76.927556
"
38.936859,"-77.07756809999999
"
38.923158,"-77.0390106
"
38.9085743,"-77.00919259999999
"
38.9869293,"-77.0296714
"
38.867333,"-76.986797
"
38.90596790000001,"-76.9492983
"
38.9869293,"-77.0296714
"
38.8812845,"-76.9961692
"
38.9683458,"-77.0334048
"
38.8805718,"-76.9300423
"
38.891098,"-76.998164
"
38.897618,"-76.99124200000001
"
38.9003766,"-76.988072
"
38.93150500000001,"-77.028446
"
38.95821,"-77.024311
"
38.8898145,"-76.9926246
"
38.9450679,"-77.02635769999999
"
38.8707556,"-76.97898839999999
"
38.8627475,"-76.9886987
"
38.9418742,"-77.0297224
"
38.87982100000001,"-76.983278
"
38.9275107,"-77.0325225
"
38.9167519,"-77.02631219999999
"
38.913454,"-77.043053
"
38.9275374,"-77.03252189999999
"
38.9419675,"-77.0216269
"
38.983104,"-77.02812
"
38.9612991,"-77.0147322
"
38.9008306,"-76.98295109999999
"
38.9051914,"-77.06018539999999
"
38.8934629,"-76.98252699999999
"
38.9232575,"-76.9899815
"
38.888056,"-76.95093899999999
"
38.8949255,"-76.9760539
"
38.8464799,"-76.9770779
"
38.9133427,"-77.02963769999999
"
38.8812659,"-77.02198059999999
"
38.9003766,"-76.988072
"
38.8995884,"-77.0488498
"
38.9274418,"-76.99671409999999
"
38.9001954,"-76.9467837
"
38.926311,"-77.056641
"
38.9111139,"-77.01892599999999
"
38.8351006,"-77.00279259999999
"
38.9140293,"-77.03999569999999
"
38.855167,"-76.96482899999999
"
38.920118,"-76.982427
"
38.8658225,"-76.9493397
"
38.897364,"-76.99619149999999
"
38.8323532,"-76.99090679999999
"
38.911876,"-77.0091322
"
38.9001673,"-77.0020562
"
38.898012,"-77.028519
"
38.910984,"-77.029951
"
38.937839,"-76.99356499999999
"
38.97141999999999,"-77.018348
"
38.9165706,"-77.0705189
"
38.828062,"-77.007063
"
38.9276498,"-77.0297363
"
38.967097,"-77.021298
"
38.9036794,"-77.0532984
"
38.8974078,"-76.9883234
"
38.904538,"-76.978832
"
38.882532,"-76.98987799999999
"
38.8792678,"-77.0198977
"
38.851521,"-76.9677169
"
38.88186,"-76.93576
"
38.8655835,"-76.9834118
"
38.938287,"-77.033669
"
38.8717916,"-77.01351289999999
"
38.9263602,"-77.0258036
"
38.8563172,"-76.9679216
"
38.8986211,"-77.0222471
"
38.924659,"-76.992745
"
38.90308479999999,"-76.9762137
"
38.841531,"-76.988029
"
38.845445,"-76.996803
"
38.92528,"-76.98299399999999
"
38.9343438,"-77.03276129999999
"
38.8859934,"-76.93589829999999
"
38.9484039,"-77.00654399999999
"
38.8886453,"-76.98733519999999
"
38.8886695,"-76.9836473
"
38.8920262,"-76.98363049999999
"
38.956863,"-77.07161599999999
"
38.964275,"-77.0673939
"
38.9196445,"-77.04173089999999
"
38.9060314,"-77.0063641
"
38.925116,"-77.031813
"
38.9344633,"-77.0413209
"
38.9044439,"-77.04862589999999
"
38.9340509,"-77.041572
"
38.8995914,"-77.0264655
"
38.8847219,"-76.941976
"
38.8902791,"-76.93654699999999
"
38.955084,"-77.072609
"
38.9021042,"-77.0420017
"
38.9407591,"-77.00163409999999
"
38.9280246,"-76.97884879999999
"
38.9353084,"-77.03609609999999
"
38.9056402,"-77.0152396
"
38.9072452,"-77.0121657
"
38.9388885,"-77.02514939999999
"
38.862345,"-76.98559
"
38.922787,"-76.993505
"
38.9173576,"-76.99355299999999
"
38.91829260000001,"-77.0272976
"
38.903943,"-77.03701599999999
"
38.905278,"-77.048828
"
38.866072,"-76.9507139
"
38.9338387,"-77.03088219999999
"
38.882962,"-76.99826299999999
"
38.86762299999999,"-76.97405499999999
"
38.9242749,"-77.04034249999999
"
38.952722,"-77.03379799999999
"
38.9056638,"-77.0280952
"
38.9000127,"-77.0167864
"
38.9029237,"-77.0496406
"
38.9180976,"-77.0280915
"
38.90699619999999,"-77.0632916
"
38.9564087,"-77.08395829999999
"
38.869319,"-76.98195299999999
"
38.915728,"-77.02644599999999
"
38.89996500000001,"-76.985297
"
38.9287745,"-77.03264039999999
"
38.878571,"-77.001795
"
38.8792678,"-77.0198977
"
38.959736,"-77.08570899999999
"
38.8983253,"-77.0319485
"
38.892678,"-76.9472634
"
38.91989480000001,"-77.0253407
"
38.959736,"-77.08570899999999
"
38.9323831,"-76.99498299999999
"
38.898118,"-76.9714863
"
38.899757,"-76.98517199999999
"
38.8694456,"-76.9689508
"
38.921445,"-77.002382
"
38.8832411,"-77.0020222
"
38.9583066,"-77.06848219999999
"
38.9002605,"-76.9995266
"
38.9570097,"-77.08384
"
38.898012,"-77.028519
"
38.884329,"-76.983462
"
38.948518,"-77.023011
"
38.8973873,"-77.0090086
"
38.9015306,"-76.98079079999999
"
38.966806,"-77.020134
"
38.8703372,"-76.9424408
"
38.9004077,"-76.9811378
"
38.82501,"-77.00752399999999
"
38.9191587,"-77.07104459999999
"
38.91097,"-77.03877399999999
"
38.938356,"-77.060429
"
38.9354887,"-77.03482389999999
"
38.894473,"-76.91503700000001
"
38.9661215,"-77.0199069
"
38.9287745,"-77.03264039999999
"
38.878631,"-76.988028
"
38.9125815,"-77.022964
"
38.90253939999999,"-77.00205769999999
"
38.891461,"-76.921948
"
38.9167776,"-77.0241747
"
38.9736128,"-77.01989429999999
"
38.8789609,"-77.0054184
"
38.91481539999999,"-77.0358547
"
38.8822491,"-76.98074150000001
"
38.97141999999999,"-77.018348
"
38.930456,"-76.97394899999999
"
38.91556200000001,"-77.0416673
"
38.90491069999999,"-77.0091508
"
38.925273,"-77.022948
"
38.9175822,"-77.0325465
"
38.91481539999999,"-77.0358547
"
38.8973501,"-76.9865278
"
38.912876,"-77.045727
"
38.9191847,"-77.03194379999999
"
38.9167879,"-77.0371
"
38.9366874,"-77.07470719999999
"
38.8839676,"-76.9309227
"
38.924313,"-77.0405159
"
38.9225554,"-77.00224469999999
"
38.8812562,"-76.98219659999999
"
38.8503055,"-76.96581189999999
"
38.8954738,"-76.9984211
"
38.912746,"-77.01785599999999
"
38.836199,"-76.99085199999999
"
38.922768,"-76.98470300000001
"
38.9341216,"-76.9658238
"
38.9155661,"-77.02964419999999
"
38.926847,"-77.02737399999999
"
38.91501,"-77.03236299999999
"
38.9318617,"-76.9721546
"
38.9172894,"-76.9788722
"
38.90525299999999,"-77.0488087
"
38.90699619999999,"-77.0632916
"
38.85769,"-76.96740299999999
"
38.9261291,"-77.02281050000001
"
38.8603307,"-77.0010923
"
38.9003766,"-76.988072
"
38.9169984,"-77.0320505
"
38.9230956,"-77.0429663
"
38.874502,"-76.9720509
"
38.9051914,"-77.06018539999999
"
38.8841058,"-76.993083
"
38.884921,"-76.94524
"
38.8920166,"-76.9864887
"
38.899363,"-77.0307799
"
38.922787,"-76.993505
"
38.942031,"-77.04158199999999
"
38.9183722,"-77.0177422
"
38.90847970000001,"-77.032279
"
38.905414,"-76.975346
"
38.9275374,"-77.03252189999999
"
38.9053571,"-77.04193819999999
"
38.959736,"-77.08570899999999
"
38.8573494,"-76.9695462
"
38.9003766,"-76.988072
"
38.8812581,"-76.9949565
"
38.8293748,"-76.9942892
"
38.9056335,"-77.0412061
"
38.8467826,"-76.97559989999999
"
38.885729,"-76.99766699999999
"
38.8682431,"-76.9706801
"
38.9174539,"-76.98003709999999
"
38.8725974,"-77.0135707
"
38.968654,"-77.0261486
"
38.9020786,"-76.9420506
"
38.9025314,"-77.0189659
"
38.9170914,"-77.01878219999999
"
38.972166,"-77.0125879
"
38.9345542,"-77.0272121
"
38.8882819,"-76.935491
"
38.91651540000001,"-77.0220652
"
38.9155915,"-77.0239794
"
38.8875862,"-76.9949436
"
38.903852,"-76.93518499999999
"
38.910164,"-76.9378255
"
38.87282099999999,"-76.93692709999999
"
38.8824921,"-76.9414117
"
38.9021036,"-77.0369178
"
38.883835,"-76.928493
"
38.8436784,"-76.99421199999999
"
38.9305637,"-76.99083539999999
"
38.93277399999999,"-77.024191
"
38.9305637,"-76.99083539999999
"
38.9107547,"-77.0345468
"
38.929193,"-76.97963
"
38.903898,"-77.0023779
"
38.932429,"-77.030045
"
38.83098469999999,"-76.99269269999999
"
38.9125904,"-77.03455319999999
"
38.930155,"-76.97622299999999
"
38.90693,"-77.01009569999999
"
38.92495,"-77.04114899999999
"
38.90847970000001,"-77.032279
"
38.9148283,"-77.01174429999999
"
38.9377575,"-77.01899759999999
"
38.930155,"-76.97622299999999
"
38.907535,"-77.0426729
"
38.893631,"-76.9780059
"
38.923766,"-77.02970429999999
"
38.901019,"-76.985384
"
38.90778299999999,"-76.98847600000001
"
38.9306215,"-77.01859829999999
"
38.9620708,"-77.0739201
"
38.8860547,"-76.9359668
"
38.9037143,"-76.97622299999999
"
38.9068719,"-76.97910539999999
"
38.8844151,"-76.92387839999999
"
38.86278,"-76.94802249999999
"
38.880329,"-76.984661
"
38.8745288,"-76.9732465
"
38.8240524,"-77.0060814
"
38.9173379,"-76.9935473
"
38.8973429,"-76.998448
"
38.89679599999999,"-76.998001
"
38.876791,"-77.001306
"
38.9024519,"-76.9867455
"
38.897719,"-76.9900059
"
38.8861718,"-76.9934071
"
38.89387,"-77.02397999999999
"
38.934676,"-77.02872599999999
"
38.9141051,"-77.0296383
"
38.867936,"-76.9799479
"
38.9003766,"-76.988072
"
38.9024946,"-77.0162036
"
38.9113384,"-76.9848894
"
38.9296999,"-76.99219599999999
"
38.8767319,"-76.93397400000001
"
38.9037719,"-76.98138
"
38.9088582,"-77.0640914
"
38.957115,"-77.025983
"
38.91092800000001,"-76.986548
"
38.9049509,"-77.063
"
38.887745,"-76.95579889999999
"
38.884734,"-76.95710099999999
"
38.8373939,"-76.99351229999999
"
38.90411599999999,"-77.063047
"
38.9376133,"-77.02365709999999
"
38.8971064,"-77.0243744
"
38.88309599999999,"-76.980553
"
38.9168358,"-77.0274091
"
38.9661312,"-77.02420579999999
"
38.92074909999999,"-77.0422143
"
38.8836299,"-76.93860099999999
"
38.8433917,"-77.00185789999999
"
38.91651540000001,"-77.0220652
"
38.8480055,"-77.00287890000001
"
38.89225709999999,"-76.92246519999999
"
38.90596790000001,"-76.9492983
"
38.8973873,"-77.0090086
"
38.8811427,"-77.0154314
"
38.875867,"-76.960804
"
38.9470367,"-77.0348491
"
38.8874799,"-76.9365782
"
38.8672805,"-76.982214
"
38.9096314,"-76.9419264
"
38.90624880000001,"-77.04663769999999
"
38.8975372,"-76.9666098
"
38.9229975,"-76.9884088
"
38.9269095,"-77.0211501
"
38.9104835,"-77.02702239999999
"
38.8572897,"-76.9656248
"
38.9001103,"-77.0222843
"
38.924541,"-77.03222
"
38.8875575,"-77.01755279999999
"
38.843521,"-76.99748600000001
"
38.9610577,"-77.08204649999999
"
38.8789334,"-77.0188878
"
38.8335391,"-76.98552760000001
"
38.887446,"-76.993467
"
38.853719,"-76.985607
"
38.92533450000001,"-77.0354633
"
38.911116,"-77.03849029999999
"
38.9001103,"-77.0222843
"
38.9001103,"-77.0222843
"
38.9001103,"-77.0222843
"
38.96272,"-77.0105136
"
38.9353084,"-77.03609609999999
"
38.9343438,"-77.03276129999999
"
38.9271599,"-77.03913519999999
"
38.8902701,"-76.934878
"
38.8951372,"-77.0114468
"
38.9199733,"-76.9729723
"
38.913675,"-76.986328
"
38.8896589,"-76.95604999999999
"
38.965626,"-77.02453799999999
"
38.9137713,"-76.98735739999999
"
38.8867853,"-76.9489897
"
38.91432229999999,"-77.00931869999999
"
38.934759,"-76.9864668
"
38.8901454,"-76.9368044
"
38.8694456,"-76.9689508
"
38.8822745,"-76.93134359999999
"
38.8309573,"-77.0020047
"
38.884638,"-76.920266
"
38.8911192,"-76.99374499999999
"
38.8616079,"-76.96836800000001
"
38.9361852,"-76.9910185
"
38.918262,"-77.012469
"
38.896759,"-76.9924489
"
38.9199481,"-77.04197689999999
"
38.86376569999999,"-76.9467037
"
38.905966,"-77.0138939
"
38.882532,"-76.98987799999999
"
38.885485,"-76.9304499
"
38.9117747,"-77.028436
"
38.9320325,"-77.0276781
"
38.9085218,"-76.98801209999999
"
38.919163,"-77.0347345
"
38.929459,"-76.9703959
"
38.9162624,"-77.0296518
"
38.9639864,"-77.0772108
"
38.8200256,"-77.00749309999999
"
38.90596790000001,"-76.9492983
"
38.899986,"-77.044202
"
38.924276,"-77.0327053
"
38.9111256,"-77.0319477
"
38.87464310000001,"-77.0106375
"
38.865541,"-76.950074
"
38.95306799999999,"-77.001178
"
38.9169834,"-77.0296281
"
38.922557,"-76.973771
"
38.9419854,"-77.0216406
"
38.9148179,"-77.03652340000001
"
38.872568,"-76.973389
"
38.893113,"-76.916698
"
38.966806,"-77.020134
"
38.8647515,"-76.9522272
"
38.9310417,"-77.02355039999999
"
38.8775388,"-77.00747199999999
"
38.9148402,"-77.0092109
"
38.9205037,"-77.07164379999999
"
38.9205037,"-77.07164379999999
"
38.8949053,"-77.0302118
"
38.8973873,"-77.0090086
"
38.9006822,"-77.0488378
"
38.914636,"-77.041845
"
38.959736,"-77.08570899999999
"
38.9324299,"-77.0207018
"
38.8953833,"-76.93774069999999
"
38.873205,"-76.968581
"
38.9235004,"-76.9673281
"
38.8434882,"-76.9953093
"
38.8973403,"-77.01618089999999
"
38.9026382,"-77.0319959
"
38.9295547,"-77.0331896
"
38.9051914,"-77.06018539999999
"
38.9038669,"-77.0189137
"
38.9118566,"-77.03454929999999
"
38.9009019,"-77.0240074
"
38.8236283,"-77.0054464
"
38.9056313,"-77.028092
"
38.9431313,"-77.0592772
"
38.907292,"-76.935593
"
38.890204,"-76.944289
"
38.882532,"-76.98987799999999
"
38.9498908,"-77.02203399999999
"
38.869661,"-76.95985999999999
"
38.9421,"-77.03407199999999
"
38.8625961,"-76.9817795
"
38.890204,"-76.944289
"
38.8864965,"-76.94462849999999
"
38.9096506,"-77.0345573
"
38.9068639,"-77.0376694
"
38.951197,"-76.998808
"
38.856597,"-76.96735
"
38.8840343,"-76.9807479
"
38.9037509,"-77.0417094
"
38.8810767,"-76.98819279999999
"
38.90899599999999,"-76.93990300000002
"
38.9461304,"-77.0345354
"
38.8603307,"-77.0010923
"
38.895223,"-76.948673
"
38.9233029,"-77.05770439999999
"
38.9060795,"-76.9316833
"
38.903574,"-76.983437
"
38.847376,"-76.9827099
"
38.91185249999999,"-77.0296443
"
38.8820096,"-76.9267146
"
38.9035797,"-77.06134159999999
"
38.9245123,"-76.98505180000001
"
38.8987336,"-76.9794721
"
38.9566107,"-77.0094869
"
38.9312425,"-77.00666009999999
"
38.9211008,"-76.98778679999999
"
38.9053571,"-77.04193819999999
"
38.8291847,"-77.00766469999999
"
38.880441,"-77.01196639999999
"
38.88574819999999,"-77.0181633
"
38.925116,"-77.031813
"
38.932179,"-76.96843299999999
"
38.90962529999999,"-77.0245542
"
38.9352311,"-77.0241113
"
38.897841,"-77.029995
"
38.8877353,"-76.957239
"
38.83350799999999,"-77.007919
"
38.9359553,"-76.99290429999999
"
38.9486649,"-76.99162219999999
"
38.9209366,"-77.0298602
"
38.9006584,"-76.9852025
"
38.9002163,"-76.977508
"
38.825466,"-77.012292
"
38.892678,"-76.9472634
"
38.907625,"-77.06124939999999
"
38.84808719999999,"-76.97726209999999
"
38.9307472,"-77.0232989
"
38.929235,"-77.01975299999999
"
38.898012,"-77.028519
"
38.8515851,"-76.9811778
"
38.9000127,"-77.0167864
"
38.926847,"-77.02737399999999
"
38.8947993,"-76.9926337
"
38.902959,"-76.98195699999999
"
38.9040447,"-77.0387205
"
38.857212,"-76.9646097
"
38.9046816,"-77.005878
"
38.962979,"-77.028228
"
38.90596790000001,"-76.9492983
"
38.9202109,"-76.9995107
"
38.9047554,"-77.0611732
"
38.9566107,"-77.0094869
"
38.9245204,"-76.9694781
"
38.8564336,"-76.96258850000001
"
38.9470367,"-77.0348491
"
38.8956475,"-76.9574961
"
38.9286622,"-77.03463230000001
"
38.9001464,"-76.9829685
"
38.90558499999999,"-76.9912762
"
38.890204,"-76.944289
"
38.936429,"-77.023687
"
38.9353084,"-77.03609609999999
"
38.8919054,"-76.9425851
"
38.9332987,"-77.03647769999999
"
38.905359,"-77.043919
"
38.8805658,"-76.9855044
"
38.8405054,"-77.0028626
"
38.8995744,"-77.00695639999999
"
38.8983361,"-77.0514417
"
38.902061,"-77.0262977
"
38.952707,"-77.00353539999999
"
38.96000799999999,"-77.01188689999999
"
38.8675995,"-76.9850951
"
38.9620705,"-77.02970759999999
"
38.9181395,"-76.99275519999999
"
38.9472273,"-77.0253302
"
38.9049509,"-77.063
"
38.9439462,"-77.0273425
"
38.8763859,"-77.0106254
"
38.9295547,"-77.0331896
"
38.8789919,"-77.0167249
"
38.897068,"-77.0201249
"
38.8866644,"-76.9303348
"
38.91556320000001,"-77.02398219999999
"
38.873035,"-76.972213
"
38.90032799999999,"-76.975506
"
38.9015282,"-76.930888
"
38.8975372,"-76.9666098
"
38.86695400000001,"-76.984956
"
38.9112946,"-77.02105929999999
"
38.9009956,"-76.9221599
"
38.9054311,"-77.0242068
"
38.95306799999999,"-77.001178
"
38.9015658,"-77.03692389999999
"
38.85695,"-76.96217900000001
"
38.8967219,"-77.040508
"
38.8265456,"-76.9970448
"
38.8717729,"-76.9390997
"
38.892506,"-76.940727
"
38.9045802,"-76.97339749999999
"
38.86695400000001,"-76.984956
"
38.9533047,"-77.0906122
"
38.8840997,"-76.9854916
"
38.8470081,"-77.0054521
"
38.9487838,"-77.0906452
"
38.872749,"-77.01235699999999
"
38.8765408,"-77.00834069999999
"
38.9486013,"-77.0862465
"
38.9503336,"-77.0906231
"
38.9465311,"-77.0176611
"
38.843399,"-76.99587029999999
"
38.8627161,"-76.95672329999999
"
38.937039,"-77.059843
"
38.9666974,"-77.0199069
"
38.8820339,"-76.99727899999999
"
38.920884,"-77.024275
"
38.8862885,"-76.92810159999999
"
38.950876,"-77.0947039
"
38.942997,"-76.98602
"
38.8973873,"-77.0090086
"
38.8717621,"-77.01202430000001
"
38.8946319,"-77.0300817
"
38.8961452,"-76.9855268
"
38.9264949,"-77.0383787
"
38.924691,"-76.978692
"
38.8850781,"-77.003502
"
38.9270921,"-77.00610329999999
"
38.894782,"-76.986097
"
38.88718799999999,"-76.927556
"
38.9331039,"-76.99634449999999
"
38.893113,"-76.916698
"
38.901318,"-77.0394191
"
38.9520758,"-77.01967599999999
"
38.9290291,"-77.0632799
"
38.8886628,"-76.98219929999999
"
38.9295547,"-77.0331896
"
38.9056228,"-77.02705159999999
"
38.886284,"-76.98519899999999
"
38.898012,"-77.028519
"
38.88758929999999,"-76.95466039999999
"
38.8986211,"-77.0222471
"
38.830351,"-76.998299
"
38.9209359,"-76.9939151
"
38.9257649,"-77.0270584
"
38.9217782,"-76.99482069999999
"
38.9116057,"-76.98863639999999
"
38.9675561,"-77.02972219999999
"
38.8359741,"-76.9957996
"
38.953483,"-77.09294299999999
"
38.903074,"-76.9735233
"
38.8508401,"-76.96794849999999
"
38.8707275,"-77.01219030000001
"
38.834421,"-76.9909194
"
38.9295547,"-77.0331896
"
38.9097859,"-77.0093962
"
38.8947931,"-76.99154849999999
"
38.949328,"-77.08064899999999
"
38.8847758,"-76.99617069999999
"
38.8567239,"-76.99593229999999
"
38.9175822,"-77.0325465
"
38.9000127,"-77.0167864
"
38.9096299,"-77.04168949999999
"
38.8954876,"-76.99496800000001
"
38.8609577,"-76.96667429999999
"
38.9156722,"-77.0121582
"
38.8492976,"-76.98293819999999
"
38.9346152,"-76.99247199999999
"
38.8826987,"-76.99616019999999
"
38.9056565,"-77.02601109999999
"
38.9247765,"-76.9959848
"
38.892296,"-76.929053
"
38.83350799999999,"-77.007919
"
38.932429,"-77.030045
"
38.883154,"-76.928635
"
38.888879,"-77.00174
"
38.9006822,"-77.0488378
"
38.828062,"-77.007063
"
38.9051719,"-77.01150939999999
"
38.9336267,"-77.02390819999999
"
38.880329,"-76.984661
"
38.9724803,"-77.01558969999999
"
38.907535,"-77.0426729
"
38.8336046,"-77.0084195
"
38.9155677,"-77.002028
"
38.942861,"-76.98724799999999
"
38.9320325,"-77.0276781
"
38.9666974,"-77.0199069
"
38.8563328,"-76.98864259999999
"
38.8321312,"-76.98732679999999
"
38.9786356,"-77.02448489999999
"
38.9118794,"-77.0229626
"
38.91931,"-77.01378799999999
"
38.961517,"-76.99894399999999
"
38.869661,"-76.95985999999999
"
38.8949696,"-77.02221980000002
"
38.9828366,"-77.0269651
"
38.9796059,"-77.026786
"
38.9103681,"-77.0319746
"
38.841531,"-76.988029
"
38.932215,"-77.02410499999999
"
38.8989167,"-76.98830199999999
"
38.8947924,"-76.9789789
"
38.9056709,"-77.01894709999999
"
38.8355291,"-76.9829743
"
38.8984368,"-77.02192599999999
"
38.870472,"-76.9449817
"
38.91699819999999,"-76.9778364
"
38.918112,"-77.0091886
"
38.8742455,"-76.97509409999999
"
38.9223899,"-77.0211084
"
38.9830514,"-77.03681960000002
"
38.887451,"-76.992408
"
38.847636,"-76.97303099999999
"
38.9043699,"-76.9738277
"
38.915712,"-77.038783
"
38.913867,"-77.026179
"
38.8832122,"-76.9343861
"
38.9155628,"-77.03263749999999
"
38.8860292,"-77.003496
"
38.9295547,"-77.0331896
"
38.922787,"-76.993505
"
38.8580636,"-76.97354399999999
"
38.84064499999999,"-77.00509799999999
"
38.9442377,"-77.01724320000001
"
38.9270921,"-77.00610329999999
"
38.845445,"-76.996803
"
38.8355291,"-76.9829743
"
38.91032999999999,"-77.05939500000001
"
38.8811838,"-76.9297459
"
38.9435661,"-77.0642129
"
38.92749,"-77.02340199999999
"
38.892678,"-76.9472634
"
38.8875729,"-76.95458259999999
"
38.8832571,"-76.9984307
"
38.8950526,"-77.0232676
"
38.874502,"-76.9720509
"
38.9682557,"-77.02971939999999
"
38.84738,"-76.97283299999999
"
38.897719,"-76.9900059
"
38.9158699,"-77.01438809999999
"
38.8292193,"-76.9984788
"
38.9543555,"-77.0177218
"
38.8802702,"-77.021542
"
38.9295547,"-77.0331896
"
38.9418887,"-77.0250851
"
38.966806,"-77.020134
"
38.90308479999999,"-76.9762137
"
38.898012,"-77.028519
"
38.95815100000001,"-77.02604099999999
"
38.825238,"-76.99614559999999
"
38.829212,"-77.00318
"
38.905278,"-77.048828
"
38.9245289,"-77.0005639
"
38.9352864,"-77.0308785
"
38.9606179,"-77.000705
"
38.8938385,"-76.9501035
"
38.8819784,"-77.0034335
"
38.900352,"-77.045778
"
38.9758445,"-77.0266812
"
38.8959992,"-77.044929
"
38.9225668,"-77.0018638
"
38.8802124,"-76.9392271
"
38.8970239,"-77.0263964
"
38.8970947,"-76.93148429999999
"
38.899285,"-77.047185
"
38.911783,"-77.0692291
"
38.8603307,"-77.0010923
"
38.8941506,"-76.957511
"
38.8826213,"-77.00586129999999
"
38.9174884,"-77.01597269999999
"
38.901019,"-76.985384
"
38.8508035,"-76.9769754
"
38.8944873,"-76.9150231
"
38.9135119,"-77.03687189999999
"
38.942864,"-76.99023699999999
"
38.885729,"-76.99766699999999
"
38.9125831,"-77.0189261
"
38.9279467,"-76.98402329999999
"
38.9418507,"-77.0297094
"
38.9280515,"-76.97809629999999
"
38.960165,"-77.019898
"
38.9566469,"-77.01815599999999
"
38.933235,"-76.962789
"
38.8850947,"-76.99153
"
38.9352311,"-77.0241113
"
38.912844,"-77.00832299999999
"
38.926601,"-77.10661900000001
"
38.9189146,"-76.97224299999999
"
38.90132,"-76.99152699999999
"
38.927947,"-77.10670499999999
"
38.907886,"-76.94124800000002
"
38.9475031,"-77.01653
"
38.874502,"-76.9720509
"
38.931861,"-77.0327784
"
38.9502805,"-76.99225439999999
"
38.883572,"-76.99597399999999
"
38.8958871,"-77.02049819999999
"
38.88833899999999,"-76.9268723
"
38.8418633,"-76.99846649999999
"
38.8759541,"-76.9657271
"
38.8765304,"-77.00670559999999
"
38.9262988,"-77.0121522
"
38.906336,"-76.9346039
"
38.91350509999999,"-77.0387192
"
38.907535,"-77.0426729
"
38.9053318,"-76.99620019999999
"
38.920884,"-77.024275
"
38.9407591,"-77.00163409999999
"
38.8461947,"-76.9827962
"
38.873112,"-76.977166
"
38.90699619999999,"-77.0632916
"
38.9349707,"-77.05400039999999
"
38.880437,"-77.026358
"
38.8951372,"-77.0114468
"
38.9205645,"-77.0420125
"
38.9619931,"-77.02247079999999
"
38.9085824,"-77.0250125
"
38.880885,"-76.983411
"
38.91030110000001,"-76.9338896
"
38.962979,"-77.028228
"
38.931052,"-77.029929
"
38.9276328,"-77.03710770000001
"
38.959736,"-77.08570899999999
"
38.8833646,"-76.92642800000002
"
38.852723,"-76.97001539999999
"
38.8876095,"-76.94028999999999
"
38.866438,"-76.98707499999999
"
38.9418044,"-76.9772741
"
38.8556519,"-76.99322169999999
"
38.892678,"-76.9472634
"
38.9284997,"-77.0335762
"
38.870573,"-76.978712
"
38.8994902,"-76.97925189999999
"
38.90176290000001,"-76.98236179999999
"
38.9814541,"-77.02446979999999
"
38.9270921,"-77.00610329999999
"
38.865541,"-76.950074
"
38.9255915,"-76.98809469999999
"
38.901643,"-76.934051
"
38.833199,"-77.005286
"
38.8923538,"-76.9512294
"
38.888427,"-76.9162319
"
38.8720989,"-77.007857
"
38.8999196,"-77.0227982
"
38.9490286,"-77.0810994
"
38.9078354,"-77.0431602
"
38.9469967,"-77.0656223
"
38.9256322,"-77.05357959999999
"
38.8949039,"-76.995262
"
38.934282,"-76.979405
"
38.9435661,"-77.0642129
"
38.90566219999999,"-77.0100533
"
38.848626,"-77.001825
"
38.9266382,"-77.0228857
"
38.9361697,"-76.9721845
"
38.9039805,"-77.0271324
"
38.9044134,"-76.9984386
"
38.9013299,"-76.99026259999999
"
38.897906,"-76.97128339999999
"
38.9169629,"-77.0439076
"
38.9303923,"-77.0184125
"
38.9275374,"-77.03252189999999
"
38.9793952,"-77.0244617
"
38.8540781,"-76.97119459999999
"
38.9196445,"-77.04173089999999
"
38.920845,"-77.07401899999999
"
38.9261823,"-77.07089839999999
"
38.946415,"-77.00819299999999
"
38.9008306,"-76.98295109999999
"
38.931996,"-77.07427079999999
"
38.90878,"-77.0010977
"
38.861434,"-76.99833799999999
"
38.901518,"-76.99822300000001
"
38.9035025,"-77.03874209999999
"
38.9148862,"-77.04167219999999
"
38.9300028,"-77.036756
"
38.9142902,"-76.9889208
"
38.9073612,"-77.02420309999999
"
38.9002208,"-77.01617519999999
"
38.915332,"-77.05079490000001
"
38.8335391,"-76.98552760000001
"
38.881032,"-76.995997
"
38.905461,"-77.045209
"
38.9352311,"-77.0241113
"
38.8825752,"-76.994664
"
38.8989214,"-76.99618629999999
"
